,ტექსტი,ა,ბ,გ,დ,პასუხი,საკითხები
0,"მოცემულია ტეხილი წერტილებით ([-8, -7], [17, -5], [6, -18], [-14, -16], [13, -1]). გამოთვალეთ ტეხილის სიგრძე.",93.1,109.1,73.6,83.4,ა,GEO2D-2.2
1,"მოცემულია ტეხილი წერტილებით ([-6, 13], [-6, -1], [17, -6], [-11, -16], [18, 17]). გამოთვალეთ ტეხილის სიგრძე.",122.9,123.1,111.1,127.8,გ,GEO2D-2.2
2,"მოცემულია ტეხილი წერტილებით ([4, -3], [-1, 17], [-19, 2], [-11, 14], [19, -8]). გამოთვალეთ ტეხილის სიგრძე.",95.6,75.9,110.6,100.4,ა,GEO2D-2.2
3,"მოცემულია ტეხილი წერტილებით ([-19, -6], [-19, -15], [-18, -16], [-17, 9], [15, 5]). გამოთვალეთ ტეხილის სიგრძე.",52.7,76.0,67.6,49.4,გ,GEO2D-2.2
4,"მოცემულია ტეხილი წერტილებით ([15, 4], [-13, 8], [9, 8], [16, 7], [-4, -13]). გამოთვალეთ ტეხილის სიგრძე.",78.4,88.8,94.9,85.7,დ,GEO2D-2.2
5,"მოცემულია ტეხილი წერტილებით ([7, 0], [6, -19], [-3, 0], [16, 9], [16, 17]). გამოთვალეთ ტეხილის სიგრძე.",79.1,81.3,69.0,53.5,გ,GEO2D-2.2
6,"მოცემულია ტეხილი წერტილებით ([17, 19], [-2, -4], [-2, 3], [2, 11], [-1, 19]). გამოთვალეთ ტეხილის სიგრძე.",43.7,41.1,52.0,54.2,დ,GEO2D-2.2
7,"მოცემულია ტეხილი წერტილებით ([6, -15], [-4, 1], [17, 18], [-12, -20], [14, 3]). გამოთვალეთ ტეხილის სიგრძე.",125.5,128.4,119.6,147.8,ბ,GEO2D-2.2
8,"მოცემულია ტეხილი წერტილებით ([17, -9], [-3, 0], [1, 7], [-19, -5], [1, -2]). გამოთვალეთ ტეხილის სიგრძე.",73.5,85.0,86.1,61.5,ა,GEO2D-2.2
9,"მოცემულია ტეხილი წერტილებით ([-5, 12], [1, -10], [-8, 7], [-4, 2], [-8, 13]). გამოთვალეთ ტეხილის სიგრძე.",41.7,68.5,60.1,52.7,გ,GEO2D-2.2
10,"მოცემულია ტეხილი წერტილებით ([-8, 6], [2, -17], [-3, 7], [2, 11], [17, -5]). გამოთვალეთ ტეხილის სიგრძე.",59.3,82.3,71.9,77.9,დ,GEO2D-2.2
11,"მოცემულია ტეხილი წერტილებით ([14, 5], [-7, -5], [-15, 8], [11, -2], [15, 13]). გამოთვალეთ ტეხილის სიგრძე.",66.2,82.0,96.4,69.5,ბ,GEO2D-2.2
12,"მოცემულია ტეხილი წერტილებით ([-6, -17], [-6, -4], [15, -3], [-5, -13], [10, -14]). გამოთვალეთ ტეხილის სიგრძე.",69.5,56.1,71.4,82.5,გ,GEO2D-2.2
13,"მოცემულია ტეხილი წერტილებით ([7, 5], [-5, -3], [15, 0], [18, -12], [-4, -20]). გამოთვალეთ ტეხილის სიგრძე.",87.5,64.5,70.4,65.6,გ,GEO2D-2.2
14,"მოცემულია ტეხილი წერტილებით ([-1, -5], [11, -16], [-18, -18], [-6, 1], [-19, -12]). გამოთვალეთ ტეხილის სიგრძე.",86.3,91.2,67.3,84.0,ა,GEO2D-2.2
15,"მოცემულია ტეხილი წერტილებით ([-5, -10], [-17, -13], [-16, -11], [12, -7], [-8, -8]). გამოთვალეთ ტეხილის სიგრძე.",82.2,82.4,58.6,62.9,დ,GEO2D-2.2
16,"მოცემულია ტეხილი წერტილებით ([1, 9], [-16, -11], [-1, 13], [15, -11], [15, 5]). გამოთვალეთ ტეხილის სიგრძე.",119.0,109.0,90.8,99.3,დ,GEO2D-2.2
17,"მოცემულია ტეხილი წერტილებით ([11, -17], [15, 14], [-6, -15], [4, -6], [-16, 6]). გამოთვალეთ ტეხილის სიგრძე.",92.6,118.8,103.9,119.3,გ,GEO2D-2.2
18,"მოცემულია ტეხილი წერტილებით ([-20, -8], [-17, 6], [1, 16], [-9, -20], [-7, 13]). გამოთვალეთ ტეხილის სიგრძე.",98.4,105.4,122.3,116.7,ბ,GEO2D-2.2
19,"მოცემულია ტეხილი წერტილებით ([10, -10], [-6, 17], [-20, 11], [1, -8], [-17, -3]). გამოთვალეთ ტეხილის სიგრძე.",93.6,110.0,94.6,90.4,ა,GEO2D-2.2
20,დაშალეთ 252 მარტივ მამრავლებად.,"5, 29","2, 3, 3, 7","3, 3, 3, 11","2, 2, 3, 3, 7",დ,ALGEBRA-2.2
21,დაშალეთ 699 მარტივ მამრავლებად.,"3, 233","11, 73","2, 2, 2, 3, 23","17, 47",ა,ALGEBRA-2.2
22,დაშალეთ 689 მარტივ მამრავლებად.,"7, 101","5, 11, 11","13, 61","13, 53",დ,ALGEBRA-2.2
23,დაშალეთ 212 მარტივ მამრავლებად.,"3, 7","2, 193","2, 2, 53","5, 31",გ,ALGEBRA-2.2
24,დაშალეთ 252 მარტივ მამრავლებად.,"5, 67","5, 73","2, 2, 3, 3, 7","3, 107",გ,ALGEBRA-2.2
25,დაშალეთ 347 მარტივ მამრავლებად.,"13, 31","2, 3, 47",347,"2, 2, 7, 13",გ,ALGEBRA-2.2
26,დაშალეთ 627 მარტივ მამრავლებად.,"2, 251","2, 2, 3, 3, 17","3, 251","3, 11, 19",დ,ALGEBRA-2.2
27,დაშალეთ 703 მარტივ მამრავლებად.,"3, 3, 59","19, 37","3, 3, 3, 29","2, 3, 7, 17",ბ,ALGEBRA-2.2
28,დაშალეთ 224 მარტივ მამრავლებად.,"2, 2, 2, 2, 11","13, 13","5, 7","2, 2, 2, 2, 2, 7",დ,ALGEBRA-2.2
29,დაშალეთ 507 მარტივ მამრავლებად.,"2, 2, 2, 2, 37","3, 13, 13","2, 2, 2, 83","2, 2, 149",ბ,ALGEBRA-2.2
30,დაშალეთ 18 მარტივ მამრავლებად.,,"2, 3, 3","13, 13","2, 89",ბ,ALGEBRA-2.2
31,დაშალეთ 864 მარტივ მამრავლებად.,"2, 2, 2, 2, 2, 3, 3, 3","5, 151","5, 7, 29","3, 283",ა,ALGEBRA-2.2
32,დაშალეთ 482 მარტივ მამრავლებად.,"2, 313","2, 17, 17","2, 2, 2, 2, 2, 2, 5","2, 241",დ,ALGEBRA-2.2
33,დაშალეთ 244 მარტივ მამრავლებად.,"2, 3, 3, 3, 7","3, 89","2, 5, 41","2, 2, 61",დ,ALGEBRA-2.2
34,დაშალეთ 810 მარტივ მამრავლებად.,"2, 2, 241","23, 31","5, 173","2, 3, 3, 3, 3, 5",დ,ALGEBRA-2.2
35,დაშალეთ 6 მარტივ მამრავლებად.,"3, 37",,,"2, 3",დ,ALGEBRA-2.2
36,დაშალეთ 608 მარტივ მამრავლებად.,"2, 2, 2, 2, 2, 19","7, 107","2, 2, 2, 3, 29","2, 2, 7, 23",ა,ALGEBRA-2.2
37,დაშალეთ 562 მარტივ მამრავლებად.,"3, 151","2, 2, 3, 7, 7","2, 3, 61","2, 281",დ,ALGEBRA-2.2
38,დაშალეთ 402 მარტივ მამრავლებად.,"2, 2, 5, 19","7, 7, 7","2, 3, 67","2, 2, 5, 5, 5",გ,ALGEBRA-2.2
39,დაშალეთ 662 მარტივ მამრავლებად.,"2, 2, 3, 3, 17","2, 331","2, 19, 19","2, 3, 101",ბ,ALGEBRA-2.2
40,იპოვეთ 10 და 198 რიცხვების უმცირესი საერთო ჯერადი.,445,990,728,612,ბ,ALGEBRA-2.3
41,იპოვეთ 40 და 38 რიცხვების უმცირესი საერთო ჯერადი.,1193,611,678,760,დ,ALGEBRA-2.3
42,იპოვეთ 172 და 33 რიცხვების უმცირესი საერთო ჯერადი.,5676,2168,1382,4113,ა,ALGEBRA-2.3
43,იპოვეთ 21 და 116 რიცხვების უმცირესი საერთო ჯერადი.,277,2436,1442,1728,ბ,ALGEBRA-2.3
44,იპოვეთ 42 და 150 რიცხვების უმცირესი საერთო ჯერადი.,4428,3904,2064,1050,დ,ALGEBRA-2.3
45,იპოვეთ 2 და 74 რიცხვების უმცირესი საერთო ჯერადი.,74,92,83,100,ა,ALGEBRA-2.3
46,იპოვეთ 179 და 109 რიცხვების უმცირესი საერთო ჯერადი.,17286,19511,5821,6316,ბ,ALGEBRA-2.3
47,იპოვეთ 121 და 110 რიცხვების უმცირესი საერთო ჯერადი.,1210,12412,1509,11907,ა,ALGEBRA-2.3
48,იპოვეთ 146 და 11 რიცხვების უმცირესი საერთო ჯერადი.,1569,754,1606,1245,გ,ALGEBRA-2.3
49,იპოვეთ 59 და 18 რიცხვების უმცირესი საერთო ჯერადი.,753,143,66,1062,დ,ALGEBRA-2.3
50,იპოვეთ 169 და 130 რიცხვების უმცირესი საერთო ჯერადი.,1690,14829,9750,13390,ა,ALGEBRA-2.3
51,იპოვეთ 101 და 83 რიცხვების უმცირესი საერთო ჯერადი.,8383,3035,6000,1025,ა,ALGEBRA-2.3
52,იპოვეთ 99 და 21 რიცხვების უმცირესი საერთო ჯერადი.,1439,203,222,693,დ,ALGEBRA-2.3
53,იპოვეთ 196 და 67 რიცხვების უმცირესი საერთო ჯერადი.,13132,2552,2080,10048,ა,ALGEBRA-2.3
54,იპოვეთ 145 და 152 რიცხვების უმცირესი საერთო ჯერადი.,22040,9943,4188,5039,ა,ALGEBRA-2.3
55,იპოვეთ 36 და 145 რიცხვების უმცირესი საერთო ჯერადი.,5220,2531,2493,4764,ა,ALGEBRA-2.3
56,იპოვეთ 61 და 86 რიცხვების უმცირესი საერთო ჯერადი.,2250,5246,1288,896,ბ,ALGEBRA-2.3
57,იპოვეთ 75 და 163 რიცხვების უმცირესი საერთო ჯერადი.,12225,5671,6355,3275,ა,ALGEBRA-2.3
58,იპოვეთ 25 და 154 რიცხვების უმცირესი საერთო ჯერადი.,3850,3343,168,1410,ა,ALGEBRA-2.3
59,იპოვეთ 13 და 166 რიცხვების უმცირესი საერთო ჯერადი.,1067,1171,409,2158,დ,ALGEBRA-2.3
60,"რა უმცირესი ნატურალური რიცხვი უნდა დავუმატოთ 280-ს, რომ მიღებული შედეგი უნაშთოდ იყოფოდეს 9-ზე?",1,4,8,7,ა,ALGEBRA-2.4
61,"რა უმცირესი ნატურალური რიცხვი უნდა დავუმატოთ 111-ს, რომ მიღებული შედეგი უნაშთოდ იყოფოდეს 2-ზე?",0,1,3,2,ბ,ALGEBRA-2.4
62,"რა უმცირესი ნატურალური რიცხვი უნდა დავუმატოთ 844-ს, რომ მიღებული შედეგი უნაშთოდ იყოფოდეს 6-ზე?",4,1,9,0,ა,ALGEBRA-2.4
63,"რა უმცირესი ნატურალური რიცხვი უნდა დავუმატოთ 864-ს, რომ მიღებული შედეგი უნაშთოდ იყოფოდეს 8-ზე?",4,0,6,2,ბ,ALGEBRA-2.4
64,"რა უმცირესი ნატურალური რიცხვი უნდა დავუმატოთ 938-ს, რომ მიღებული შედეგი უნაშთოდ იყოფოდეს 9-ზე?",6,8,7,2,დ,ALGEBRA-2.4
65,"რა უმცირესი ნატურალური რიცხვი უნდა დავუმატოთ 639-ს, რომ მიღებული შედეგი უნაშთოდ იყოფოდეს 2-ზე?",6,0,3,1,დ,ALGEBRA-2.4
66,"რა უმცირესი ნატურალური რიცხვი უნდა დავუმატოთ 264-ს, რომ მიღებული შედეგი უნაშთოდ იყოფოდეს 9-ზე?",9,3,5,6,ბ,ALGEBRA-2.4
67,"რა უმცირესი ნატურალური რიცხვი უნდა დავუმატოთ 141-ს, რომ მიღებული შედეგი უნაშთოდ იყოფოდეს 10-ზე?",8,4,1,2,გ,ALGEBRA-2.4
68,"რა უმცირესი ნატურალური რიცხვი უნდა დავუმატოთ 338-ს, რომ მიღებული შედეგი უნაშთოდ იყოფოდეს 9-ზე?",0,5,1,9,ბ,ALGEBRA-2.4
69,"რა უმცირესი ნატურალური რიცხვი უნდა დავუმატოთ 509-ს, რომ მიღებული შედეგი უნაშთოდ იყოფოდეს 8-ზე?",3,0,5,2,გ,ALGEBRA-2.4
70,"რა უმცირესი ნატურალური რიცხვი უნდა დავუმატოთ 197-ს, რომ მიღებული შედეგი უნაშთოდ იყოფოდეს 4-ზე?",1,4,8,2,ა,ALGEBRA-2.4
71,"რა უმცირესი ნატურალური რიცხვი უნდა დავუმატოთ 523-ს, რომ მიღებული შედეგი უნაშთოდ იყოფოდეს 9-ზე?",1,3,9,2,ა,ALGEBRA-2.4
72,"რა უმცირესი ნატურალური რიცხვი უნდა დავუმატოთ 531-ს, რომ მიღებული შედეგი უნაშთოდ იყოფოდეს 10-ზე?",1,4,6,7,ა,ALGEBRA-2.4
73,"რა უმცირესი ნატურალური რიცხვი უნდა დავუმატოთ 53-ს, რომ მიღებული შედეგი უნაშთოდ იყოფოდეს 4-ზე?",5,9,2,1,დ,ALGEBRA-2.4
74,"რა უმცირესი ნატურალური რიცხვი უნდა დავუმატოთ 224-ს, რომ მიღებული შედეგი უნაშთოდ იყოფოდეს 8-ზე?",7,1,0,4,გ,ALGEBRA-2.4
75,"რა უმცირესი ნატურალური რიცხვი უნდა დავუმატოთ 127-ს, რომ მიღებული შედეგი უნაშთოდ იყოფოდეს 3-ზე?",1,5,3,8,ა,ALGEBRA-2.4
76,"რა უმცირესი ნატურალური რიცხვი უნდა დავუმატოთ 24-ს, რომ მიღებული შედეგი უნაშთოდ იყოფოდეს 2-ზე?",0,7,3,1,ა,ALGEBRA-2.4
77,"რა უმცირესი ნატურალური რიცხვი უნდა დავუმატოთ 302-ს, რომ მიღებული შედეგი უნაშთოდ იყოფოდეს 6-ზე?",9,5,2,6,გ,ALGEBRA-2.4
78,"რა უმცირესი ნატურალური რიცხვი უნდა დავუმატოთ 364-ს, რომ მიღებული შედეგი უნაშთოდ იყოფოდეს 3-ზე?",3,1,7,0,ბ,ALGEBRA-2.4
79,"რა უმცირესი ნატურალური რიცხვი უნდა დავუმატოთ 353-ს, რომ მიღებული შედეგი უნაშთოდ იყოფოდეს 3-ზე?",3,4,8,2,დ,ALGEBRA-2.4
80,"რა უმცირესი ნატურალური რიცხვი უნდა დავუმატოთ 209-ს, რომ მიღებული შედეგის 3-ზე გაყოფისას მიღებული ნაშთი იყოს 2?",3,7,1,0,დ,"ALGEBRA-2.4, ALGEBRA-2.5"
81,"რა უმცირესი ნატურალური რიცხვი უნდა დავუმატოთ 328-ს, რომ მიღებული შედეგის 2-ზე გაყოფისას მიღებული ნაშთი იყოს 1?",4,8,1,0,გ,"ALGEBRA-2.4, ALGEBRA-2.5"
82,"რა უმცირესი ნატურალური რიცხვი უნდა დავუმატოთ 981-ს, რომ მიღებული შედეგის 2-ზე გაყოფისას მიღებული ნაშთი იყოს 1?",0,8,2,6,ა,"ALGEBRA-2.4, ALGEBRA-2.5"
83,"რა უმცირესი ნატურალური რიცხვი უნდა დავუმატოთ 659-ს, რომ მიღებული შედეგის 3-ზე გაყოფისას მიღებული ნაშთი იყოს 0?",6,1,4,2,ბ,"ALGEBRA-2.4, ALGEBRA-2.5"
84,"რა უმცირესი ნატურალური რიცხვი უნდა დავუმატოთ 974-ს, რომ მიღებული შედეგის 2-ზე გაყოფისას მიღებული ნაშთი იყოს 0?",1,0,7,3,ბ,"ALGEBRA-2.4, ALGEBRA-2.5"
85,"რა უმცირესი ნატურალური რიცხვი უნდა დავუმატოთ 954-ს, რომ მიღებული შედეგის 9-ზე გაყოფისას მიღებული ნაშთი იყოს 5?",8,5,1,3,ბ,"ALGEBRA-2.4, ALGEBRA-2.5"
86,"რა უმცირესი ნატურალური რიცხვი უნდა დავუმატოთ 787-ს, რომ მიღებული შედეგის 5-ზე გაყოფისას მიღებული ნაშთი იყოს 3?",4,1,0,3,ბ,"ALGEBRA-2.4, ALGEBRA-2.5"
87,"რა უმცირესი ნატურალური რიცხვი უნდა დავუმატოთ 837-ს, რომ მიღებული შედეგის 10-ზე გაყოფისას მიღებული ნაშთი იყოს 7?",4,0,1,6,ბ,"ALGEBRA-2.4, ALGEBRA-2.5"
88,"რა უმცირესი ნატურალური რიცხვი უნდა დავუმატოთ 648-ს, რომ მიღებული შედეგის 5-ზე გაყოფისას მიღებული ნაშთი იყოს 1?",8,1,3,4,გ,"ALGEBRA-2.4, ALGEBRA-2.5"
89,"რა უმცირესი ნატურალური რიცხვი უნდა დავუმატოთ 858-ს, რომ მიღებული შედეგის 3-ზე გაყოფისას მიღებული ნაშთი იყოს 1?",5,1,4,0,ბ,"ALGEBRA-2.4, ALGEBRA-2.5"
90,"რა უმცირესი ნატურალური რიცხვი უნდა დავუმატოთ 741-ს, რომ მიღებული შედეგის 8-ზე გაყოფისას მიღებული ნაშთი იყოს 0?",3,5,1,6,ა,"ALGEBRA-2.4, ALGEBRA-2.5"
91,"რა უმცირესი ნატურალური რიცხვი უნდა დავუმატოთ 200-ს, რომ მიღებული შედეგის 4-ზე გაყოფისას მიღებული ნაშთი იყოს 1?",6,2,1,9,გ,"ALGEBRA-2.4, ALGEBRA-2.5"
92,"რა უმცირესი ნატურალური რიცხვი უნდა დავუმატოთ 262-ს, რომ მიღებული შედეგის 6-ზე გაყოფისას მიღებული ნაშთი იყოს 5?",9,1,4,6,ბ,"ALGEBRA-2.4, ALGEBRA-2.5"
93,"რა უმცირესი ნატურალური რიცხვი უნდა დავუმატოთ 858-ს, რომ მიღებული შედეგის 5-ზე გაყოფისას მიღებული ნაშთი იყოს 3?",4,9,5,0,დ,"ALGEBRA-2.4, ALGEBRA-2.5"
94,"რა უმცირესი ნატურალური რიცხვი უნდა დავუმატოთ 157-ს, რომ მიღებული შედეგის 4-ზე გაყოფისას მიღებული ნაშთი იყოს 1?",0,2,7,4,ა,"ALGEBRA-2.4, ALGEBRA-2.5"
95,"რა უმცირესი ნატურალური რიცხვი უნდა დავუმატოთ 525-ს, რომ მიღებული შედეგის 2-ზე გაყოფისას მიღებული ნაშთი იყოს 1?",0,2,9,5,ა,"ALGEBRA-2.4, ALGEBRA-2.5"
96,"რა უმცირესი ნატურალური რიცხვი უნდა დავუმატოთ 944-ს, რომ მიღებული შედეგის 2-ზე გაყოფისას მიღებული ნაშთი იყოს 0?",9,7,1,0,დ,"ALGEBRA-2.4, ALGEBRA-2.5"
97,"რა უმცირესი ნატურალური რიცხვი უნდა დავუმატოთ 937-ს, რომ მიღებული შედეგის 6-ზე გაყოფისას მიღებული ნაშთი იყოს 3?",6,2,0,8,ბ,"ALGEBRA-2.4, ALGEBRA-2.5"
98,"რა უმცირესი ნატურალური რიცხვი უნდა დავუმატოთ 396-ს, რომ მიღებული შედეგის 5-ზე გაყოფისას მიღებული ნაშთი იყოს 4?",3,5,8,7,ა,"ALGEBRA-2.4, ALGEBRA-2.5"
99,"რა უმცირესი ნატურალური რიცხვი უნდა დავუმატოთ 172-ს, რომ მიღებული შედეგის 8-ზე გაყოფისას მიღებული ნაშთი იყოს 7?",3,8,6,7,ა,"ALGEBRA-2.4, ALGEBRA-2.5"
100,წარმოადგინეთ 77 ორობით სისტემაში.,110100010,101000011,101001101,1001101,დ,ALGEBRA-9.1
101,წარმოადგინეთ 97 ორობით სისტემაში.,110000100,1011111,100110001,1100001,დ,ALGEBRA-9.1
102,წარმოადგინეთ 186 ორობით სისტემაში.,111101010,10111010,10001100,10110000,ბ,ALGEBRA-9.1
103,წარმოადგინეთ 227 ორობით სისტემაში.,0,10100010,101001110,11100011,დ,ALGEBRA-9.1
104,წარმოადგინეთ 336 ორობით სისტემაში.,1001001,100010011,101010000,101110100,გ,ALGEBRA-9.1
105,წარმოადგინეთ 337 ორობით სისტემაში.,101010001,111110,111000011,1110000,ა,ALGEBRA-9.1
106,წარმოადგინეთ 325 ორობით სისტემაში.,100100100,11101111,11111010,101000101,დ,ALGEBRA-9.1
107,წარმოადგინეთ 3 ორობით სისტემაში.,111000010,111011010,11,110001110,გ,ALGEBRA-9.1
108,წარმოადგინეთ 44 ორობით სისტემაში.,111110001,101100,110010011,111010011,ბ,ALGEBRA-9.1
109,წარმოადგინეთ 326 ორობით სისტემაში.,10001,110000001,111100001,101000110,დ,ALGEBRA-9.1
110,წარმოადგინეთ 441 ორობით სისტემაში.,11110011,10101001,101001,110111001,დ,ALGEBRA-9.1
111,წარმოადგინეთ 458 ორობით სისტემაში.,111001010,101010100,11001011,100001001,ა,ALGEBRA-9.1
112,წარმოადგინეთ 473 ორობით სისტემაში.,111011001,101101111,100110010,10000101,ა,ALGEBRA-9.1
113,წარმოადგინეთ 338 ორობით სისტემაში.,110101011,1100011,11011000,101010010,დ,ALGEBRA-9.1
114,წარმოადგინეთ 272 ორობით სისტემაში.,1110010,100000,100010000,100100000,გ,ALGEBRA-9.1
115,წარმოადგინეთ 458 ორობით სისტემაში.,10001110,101100010,110,111001010,დ,ALGEBRA-9.1
116,წარმოადგინეთ 427 ორობით სისტემაში.,110101110,110101011,10001111,1010011,ბ,ALGEBRA-9.1
117,წარმოადგინეთ 40 ორობით სისტემაში.,10000100,101000,111000110,111001100,ბ,ALGEBRA-9.1
118,წარმოადგინეთ 462 ორობით სისტემაში.,110101110,10000011,1000100,111001110,დ,ALGEBRA-9.1
119,წარმოადგინეთ 179 ორობით სისტემაში.,101110,10110011,11100101,11010,ბ,ALGEBRA-9.1
120,წარმოადგინეთ ორობით სისტემაში ჩაწერილი რიცხვი 110011100 ათობით სისტემაში.,230,412,163,385,ბ,ALGEBRA-9.1
121,წარმოადგინეთ ორობით სისტემაში ჩაწერილი რიცხვი 1111100 ათობით სისტემაში.,105,112,124,99,გ,ALGEBRA-9.1
122,წარმოადგინეთ ორობით სისტემაში ჩაწერილი რიცხვი 1110011 ათობით სისტემაში.,63,436,115,118,გ,ALGEBRA-9.1
123,წარმოადგინეთ ორობით სისტემაში ჩაწერილი რიცხვი 1011100 ათობით სისტემაში.,113,92,264,139,ბ,ALGEBRA-9.1
124,წარმოადგინეთ ორობით სისტემაში ჩაწერილი რიცხვი 100110001 ათობით სისტემაში.,160,456,305,458,გ,ALGEBRA-9.1
125,წარმოადგინეთ ორობით სისტემაში ჩაწერილი რიცხვი 10000001 ათობით სისტემაში.,272,47,190,129,დ,ALGEBRA-9.1
126,წარმოადგინეთ ორობით სისტემაში ჩაწერილი რიცხვი 11000011 ათობით სისტემაში.,370,195,209,386,ბ,ALGEBRA-9.1
127,წარმოადგინეთ ორობით სისტემაში ჩაწერილი რიცხვი 111011001 ათობით სისტემაში.,473,227,365,182,ა,ALGEBRA-9.1
128,წარმოადგინეთ ორობით სისტემაში ჩაწერილი რიცხვი 100110111 ათობით სისტემაში.,292,93,311,217,გ,ALGEBRA-9.1
129,წარმოადგინეთ ორობით სისტემაში ჩაწერილი რიცხვი 100010111 ათობით სისტემაში.,213,279,412,105,ბ,ALGEBRA-9.1
130,წარმოადგინეთ ორობით სისტემაში ჩაწერილი რიცხვი 1001111 ათობით სისტემაში.,339,79,355,151,ბ,ALGEBRA-9.1
131,წარმოადგინეთ ორობით სისტემაში ჩაწერილი რიცხვი 11010111 ათობით სისტემაში.,215,351,358,280,ა,ALGEBRA-9.1
132,წარმოადგინეთ ორობით სისტემაში ჩაწერილი რიცხვი 11001101 ათობით სისტემაში.,282,18,316,205,დ,ALGEBRA-9.1
133,წარმოადგინეთ ორობით სისტემაში ჩაწერილი რიცხვი 10100011 ათობით სისტემაში.,178,375,163,133,გ,ALGEBRA-9.1
134,წარმოადგინეთ ორობით სისტემაში ჩაწერილი რიცხვი 101100111 ათობით სისტემაში.,457,359,38,316,ბ,ALGEBRA-9.1
135,წარმოადგინეთ ორობით სისტემაში ჩაწერილი რიცხვი 10011101 ათობით სისტემაში.,147,44,323,157,დ,ALGEBRA-9.1
136,წარმოადგინეთ ორობით სისტემაში ჩაწერილი რიცხვი 110001111 ათობით სისტემაში.,408,425,428,399,დ,ALGEBRA-9.1
137,წარმოადგინეთ ორობით სისტემაში ჩაწერილი რიცხვი 101101010 ათობით სისტემაში.,138,129,362,244,გ,ALGEBRA-9.1
138,წარმოადგინეთ ორობით სისტემაში ჩაწერილი რიცხვი 101101001 ათობით სისტემაში.,24,184,475,361,დ,ALGEBRA-9.1
139,წარმოადგინეთ ორობით სისტემაში ჩაწერილი რიცხვი 111011100 ათობით სისტემაში.,146,476,467,173,ბ,ALGEBRA-9.1
140,36.31 = ...,3.631 × 10^-1,3.631 × 10^3,3.631 × 10^-3,3.631 × 10^1,დ,"ALGEBRA-4.2, 2022-1, 2022-2"
141,99.33 = ...,9.933 × 10^1,9.933 × 10^2,9.933 × 10^-1,9.933 × 10^4,ა,"ALGEBRA-4.2, 2022-1, 2022-2"
142,56.19 = ...,5.619 × 10^3,5.619 × 10^1,5.619 × 10^-1,5.619 × 10^2,ბ,"ALGEBRA-4.2, 2022-1, 2022-2"
143,99.69 = ...,9.969 × 10^-1,9.969 × 10^2,9.969 × 10^1,9.969 × 10^-3,გ,"ALGEBRA-4.2, 2022-1, 2022-2"
144,78.6 = ...,7.86 × 10^3,7.86 × 10^1,7.86 × 10^5,7.86 × 10^4,ბ,"ALGEBRA-4.2, 2022-1, 2022-2"
145,5.67 = ...,5.67 × 10^-1,5.67,5.67 × 10^3,5.67 × 10^-2,ბ,"ALGEBRA-4.2, 2022-1, 2022-2"
146,2.07 = ...,2.07,2.07 × 10^2,2.07 × 10^1,2.07 × 10^-3,ა,"ALGEBRA-4.2, 2022-1, 2022-2"
147,8.17 = ...,8.17 × 10^4,8.17,8.17 × 10^-3,8.17 × 10^-1,ბ,"ALGEBRA-4.2, 2022-1, 2022-2"
148,59.7 = ...,5.97 × 10^4,5.97 × 10^1,5.97,5.97 × 10^5,ბ,"ALGEBRA-4.2, 2022-1, 2022-2"
149,77.27 = ...,7.727 × 10^4,7.727 × 10^5,7.727 × 10^1,7.727 × 10^-2,გ,"ALGEBRA-4.2, 2022-1, 2022-2"
150,51.32 = ...,5.132,5.132 × 10^1,5.132 × 10^3,5.132 × 10^4,ბ,"ALGEBRA-4.2, 2022-1, 2022-2"
151,50.63 = ...,5.063 × 10^4,5.063 × 10^3,5.063 × 10^5,5.063 × 10^1,დ,"ALGEBRA-4.2, 2022-1, 2022-2"
152,46.8 = ...,4.68 × 10^1,4.68 × 10^-1,4.68 × 10^5,4.68 × 10^-2,ა,"ALGEBRA-4.2, 2022-1, 2022-2"
153,53.55 = ...,5.355 × 10^3,5.355 × 10^1,5.355 × 10^5,5.355,ბ,"ALGEBRA-4.2, 2022-1, 2022-2"
154,51.89 = ...,5.189 × 10^4,5.189 × 10^1,5.189 × 10^2,5.189,ბ,"ALGEBRA-4.2, 2022-1, 2022-2"
155,97.11 = ...,9.711 × 10^3,9.711 × 10^-3,9.711 × 10^-1,9.711 × 10^1,დ,"ALGEBRA-4.2, 2022-1, 2022-2"
156,58.27 = ...,5.827 × 10^5,5.827 × 10^1,5.827 × 10^-3,5.827 × 10^-2,ბ,"ALGEBRA-4.2, 2022-1, 2022-2"
157,46.15 = ...,4.615 × 10^-2,4.615 × 10^2,4.615 × 10^-1,4.615 × 10^1,დ,"ALGEBRA-4.2, 2022-1, 2022-2"
158,62.64 = ...,6.264 × 10^4,6.264 × 10^5,6.264 × 10^1,6.264 × 10^-3,გ,"ALGEBRA-4.2, 2022-1, 2022-2"
159,76.25 = ...,7.625 × 10^-1,7.625,7.625 × 10^4,7.625 × 10^1,დ,"ALGEBRA-4.2, 2022-1, 2022-2"
160,450 მ = ...,4.5 × 10^4 სმ,4.5 × 10^6 სმ,4.5 × 10^5 დმ,4.5 × 10^4 დმ,ა,UNITS-1.1
161,488 მ = ...,4.88 × 10^5 დმ,4.88 × 10^-1 კმ,4.88 × 10^1 დმ,4.88 × 10^5 მმ,დ,UNITS-1.1
162,57 მმ = ...,5.7 დმ,5.7 × 10^-3 დმ,5.7 × 10^-2 მ,5.7 × 10^-4 მ,გ,UNITS-1.1
163,321 კმ = ...,3.21 × 10^9 დმ,3.21 × 10^4 მ,3.21 × 10^8 მმ,3.21 × 10^7 დმ,დ,UNITS-1.1
164,453 დმ = ...,4.53 × 10^-2 კმ,4.53 × 10^-1 კმ,4.53 × 10^6 მმ,4.53 × 10^3 სმ,დ,UNITS-1.1
165,154 მ = ...,1.54 × 10^4 მმ,1.54 × 10^5 სმ,1.54 × 10^-2 კმ,1.54 × 10^5 დმ,გ,UNITS-1.1
166,144 დმ = ...,1.44 × 10^-1 მ,1.44 × 10^3 მმ,1.44 × 10^1 მ,1.44 × 10^-5 კმ,გ,UNITS-1.1
167,162 მმ = ...,1.62 დმ,1.62 × 10^1 მ,1.62 × 10^-3 მ,1.62 × 10^-4 კმ,ა,UNITS-1.1
168,87 სმ = ...,8.7 × 10^-2 მ,8.7 × 10^3 მმ,8.7 მ,8.7 × 10^2 მმ,დ,UNITS-1.1
169,178 კმ = ...,1.78 × 10^7 მმ,1.78 × 10^6 მ,1.78 × 10^6 სმ,1.78 × 10^6 დმ,ბ,UNITS-1.1
170,50 კმ = ...,5 × 10^9 სმ,5 × 10^7 დმ,5 × 10^6 დმ,5 × 10^7 მმ,გ,UNITS-1.1
171,386 სმ = ...,3.86 × 10^-3 კმ,3.86 × 10^2 დმ,3.86 × 10^-5 კმ,3.86 მ,დ,UNITS-1.1
172,157 მ = ...,1.57 × 10^7 მმ,1.57 × 10^3 მმ,1.57 × 10^3 დმ,1.57 × 10^6 სმ,გ,UNITS-1.1
173,456 კმ = ...,4.56 × 10^5 დმ,4.56 × 10^9 სმ,4.56 × 10^7 დმ,4.56 × 10^6 დმ,გ,UNITS-1.1
174,6 მ = ...,6 × 10^2 მმ,6 × 10^-6 კმ,6 × 10^2 სმ,6 × 10^1 მმ,გ,UNITS-1.1
175,332 დმ = ...,3.32 × 10^-5 კმ,3.32 × 10^3 მ,3.32 × 10^3 სმ,3.32 × 10^3 მმ,გ,UNITS-1.1
176,203 სმ = ...,2.03 × 10^3 მმ,2.03 × 10^-5 კმ,2.03 × 10^-2 მ,2.03 × 10^3 დმ,ა,UNITS-1.1
177,421 დმ = ...,4.21 მ,4.21 × 10^1 მ,4.21 × 10^-2 კმ,4.21 × 10^4 სმ,ბ,UNITS-1.1
178,445 სმ = ...,4.45 × 10^1 დმ,4.45 × 10^-1 დმ,4.45 × 10^5 მმ,4.45 × 10^-1 მ,ა,UNITS-1.1
179,481 დმ = ...,4.81 × 10^5 სმ,4.81 × 10^-1 მ,4.81 × 10^4 მმ,4.81 × 10^3 მმ,გ,UNITS-1.1
180,159 კვადრატული მმ = ...,1.59 კვადრატული სმ,1.59 × 10^-4 კვადრატული დმ,1.59 × 10^-11 კვადრატული კმ,1.59 × 10^-1 კვადრატული დმ,ა,UNITS-1.2
181,174 კვადრატული მ = ...,1.74 × 10^-6 კვადრატული კმ,1.74 × 10^7 კვადრატული მმ,1.74 × 10^-4 კვადრატული კმ,1.74 × 10^-7 კვადრატული კმ,ა,UNITS-1.2
182,484 კვადრატული მმ = ...,4.84 კვადრატული დმ,4.84 × 10^-2 კვადრატული მ,4.84 კვადრატული სმ,4.84 × 10^-14 კვადრატული კმ,გ,UNITS-1.2
183,231 კვადრატული კმ = ...,2.31 × 10^12 კვადრატული სმ,2.31 × 10^12 კვადრატული მ,2.31 × 10^16 კვადრატული მმ,2.31 × 10^17 კვადრატული მმ,გ,UNITS-1.2
184,499 კვადრატული მმ = ...,4.99 × 10^-2 კვადრატული სმ,4.99 კვადრატული სმ,4.99 × 10^-3 კვადრატული მ,4.99 × 10^-4 კვადრატული დმ,ბ,UNITS-1.2
185,212 კვადრატული სმ = ...,2.12 × 10^-4 კვადრატული მ,2.12 კვადრატული დმ,2.12 × 10^1 კვადრატული დმ,2.12 × 10^-2 კვადრატული დმ,ბ,UNITS-1.2
186,136 კვადრატული კმ = ...,1.36 × 10^14 კვადრატული დმ,1.36 × 10^10 კვადრატული მ,1.36 × 10^9 კვადრატული მ,1.36 × 10^11 კვადრატული მ,ბ,UNITS-1.2
187,139 კვადრატული დმ = ...,1.39 × 10^8 კვადრატული მმ,1.39 × 10^1 კვადრატული მ,1.39 × 10^2 კვადრატული სმ,1.39 × 10^4 კვადრატული სმ,დ,UNITS-1.2
188,351 კვადრატული მ = ...,3.51 × 10^7 კვადრატული მმ,3.51 × 10^6 კვადრატული სმ,3.51 × 10^10 კვადრატული მმ,3.51 × 10^4 კვადრატული სმ,ბ,UNITS-1.2
189,246 კვადრატული მმ = ...,2.46 კვადრატული დმ,2.46 × 10^-1 კვადრატული დმ,2.46 × 10^-2 კვადრატული დმ,2.46 × 10^-14 კვადრატული კმ,გ,UNITS-1.2
190,266 კვადრატული მ = ...,2.66 × 10^-8 კვადრატული კმ,2.66 × 10^3 კვადრატული დმ,2.66 × 10^4 კვადრატული სმ,2.66 × 10^8 კვადრატული მმ,დ,UNITS-1.2
191,223 კვადრატული მმ = ...,2.23 × 10^1 კვადრატული სმ,2.23 × 10^-3 კვადრატული დმ,2.23 კვადრატული სმ,2.23 × 10^-11 კვადრატული კმ,გ,UNITS-1.2
192,301 კვადრატული მ = ...,3.01 × 10^8 კვადრატული მმ,3.01 × 10^3 კვადრატული დმ,3.01 × 10^6 კვადრატული მმ,3.01 × 10^7 კვადრატული სმ,ა,UNITS-1.2
193,157 კვადრატული სმ = ...,1.57 × 10^-1 კვადრატული დმ,1.57 × 10^-11 კვადრატული კმ,1.57 × 10^-10 კვადრატული კმ,1.57 × 10^2 კვადრატული დმ,გ,UNITS-1.2
194,401 კვადრატული მმ = ...,4.01 × 10^-4 კვადრატული მ,4.01 × 10^-13 კვადრატული კმ,4.01 × 10^-1 კვადრატული დმ,4.01 × 10^-10 კვადრატული კმ,ა,UNITS-1.2
195,309 კვადრატული მ = ...,3.09 × 10^-5 კვადრატული კმ,3.09 × 10^-6 კვადრატული კმ,3.09 × 10^-8 კვადრატული კმ,3.09 × 10^-7 კვადრატული კმ,ბ,UNITS-1.2
196,137 კვადრატული კმ = ...,1.37 × 10^14 კვადრატული დმ,1.37 × 10^12 კვადრატული სმ,1.37 × 10^15 კვადრატული სმ,1.37 × 10^14 კვადრატული სმ,დ,UNITS-1.2
197,221 კვადრატული სმ = ...,2.21 × 10^-4 კვადრატული მ,2.21 × 10^-2 კვადრატული დმ,2.21 × 10^-12 კვადრატული კმ,2.21 × 10^-10 კვადრატული კმ,დ,UNITS-1.2
198,394 კვადრატული კმ = ...,3.94 × 10^13 კვადრატული დმ,3.94 × 10^10 კვადრატული დმ,3.94 × 10^8 კვადრატული მ,3.94 × 10^12 კვადრატული დმ,დ,UNITS-1.2
199,418 კვადრატული სმ = ...,4.18 × 10^-9 კვადრატული კმ,4.18 კვადრატული დმ,4.18 × 10^-2 კვადრატული დმ,4.18 × 10^3 კვადრატული მმ,ბ,UNITS-1.2
200,69 ლიტრი = ...,6.9 × 10^-16 კუბური კმ,6.9 × 10^-12 კუბური კმ,6.9 × 10^2 კუბური დმ,6.9 × 10^4 კუბური სმ,დ,UNITS-1.3
201,84 კუბური მ = ...,8.4 × 10^8 კუბური მმ,8.4 × 10^-10 კუბური კმ,8.4 × 10^7 კუბური სმ,8.4 × 10^3 კუბური დმ,გ,UNITS-1.3
202,135 კუბური კმ = ...,1.35 × 10^17 კუბური დმ,1.35 × 10^15 კუბური მ,1.35 × 10^18 კუბური დმ,1.35 × 10^15 ლიტრი,ა,UNITS-1.3
203,4 კუბური მმ = ...,4 × 10^-1 კუბური სმ,4 × 10^-19 კუბური კმ,4 × 10^-10 კუბური მ,4 × 10^-3 კუბური სმ,დ,UNITS-1.3
204,37 კუბური კმ = ...,3.7 × 10^14 ლიტრი,3.7 × 10^19 კუბური სმ,3.7 × 10^17 ლიტრი,3.7 × 10^14 კუბური მ,ბ,UNITS-1.3
205,477 კუბური კმ = ...,4.77 × 10^17 ლიტრი,4.77 × 10^18 კუბური სმ,4.77 × 10^19 ლიტრი,4.77 × 10^15 ლიტრი,ა,UNITS-1.3
206,440 კუბური მ = ...,4.4 × 10^10 კუბური მმ,4.4 × 10^7 ლიტრი,4.4 × 10^10 კუბური სმ,4.4 × 10^8 კუბური სმ,დ,UNITS-1.3
207,208 კუბური დმ = ...,2.08 × 10^-1 კუბური მ,2.08 × 10^9 კუბური მმ,2.08 × 10^4 კუბური სმ,2.08 × 10^3 ლიტრი,ა,UNITS-1.3
208,65 კუბური კმ = ...,6.5 × 10^19 კუბური სმ,6.5 × 10^12 კუბური მ,6.5 × 10^14 ლიტრი,6.5 × 10^21 კუბური სმ,ა,UNITS-1.3
209,74 კუბური მ = ...,7.4 × 10^2 ლიტრი,7.4 × 10^-10 კუბური კმ,7.4 × 10^7 კუბური სმ,7.4 × 10^9 კუბური მმ,გ,UNITS-1.3
210,316 კუბური კმ = ...,3.16 × 10^16 კუბური დმ,3.16 × 10^19 კუბური დმ,3.16 × 10^17 კუბური დმ,3.16 × 10^24 კუბური მმ,გ,UNITS-1.3
211,15 კუბური სმ = ...,1.5 ლიტრი,1.5 × 10^4 კუბური მმ,1.5 × 10^-1 ლიტრი,1.5 × 10^-3 ლიტრი,ბ,UNITS-1.3
212,182 კუბური მ = ...,1.82 × 10^7 კუბური დმ,1.82 × 10^-10 კუბური კმ,1.82 × 10^-12 კუბური კმ,1.82 × 10^7 ლიტრი,ბ,UNITS-1.3
213,432 კუბური დმ = ...,4.32 × 10^2 ლიტრი,4.32 × 10^7 კუბური სმ,4.32 × 10^-15 კუბური კმ,4.32 × 10^7 კუბური მმ,ა,UNITS-1.3
214,106 კუბური მმ = ...,1.06 × 10^-1 კუბური სმ,1.06 × 10^1 კუბური სმ,1.06 × 10^-5 კუბური დმ,1.06 × 10^-21 კუბური კმ,ა,UNITS-1.3
215,46 ლიტრი = ...,4.6 × 10^-3 კუბური მ,4.6 × 10^4 კუბური სმ,4.6 × 10^3 კუბური დმ,4.6 კუბური დმ,ბ,UNITS-1.3
216,435 კუბური მმ = ...,4.35 × 10^-9 კუბური მ,4.35 × 10^-5 კუბური მ,4.35 × 10^-3 ლიტრი,4.35 × 10^-4 კუბური დმ,დ,UNITS-1.3
217,301 კუბური დმ = ...,3.01 × 10^1 კუბური მ,3.01 × 10^2 ლიტრი,3.01 × 10^6 კუბური სმ,3.01 × 10^3 კუბური სმ,ბ,UNITS-1.3
218,296 კუბური კმ = ...,2.96 × 10^14 კუბური მ,2.96 × 10^19 ლიტრი,2.96 × 10^21 კუბური მმ,2.96 × 10^15 ლიტრი,ა,UNITS-1.3
219,407 კუბური კმ = ...,4.07 × 10^25 კუბური მმ,4.07 × 10^21 კუბური მმ,4.07 × 10^17 ლიტრი,4.07 × 10^18 კუბური დმ,გ,UNITS-1.3
220,132 გრამი = ...,1.32 × 10^-4 ცენტნერი,1.32 × 10^-1 ცენტნერი,1.32 × 10^-2 ცენტნერი,1.32 × 10^-1 კილოგრამი,დ,UNITS-1.4
221,73 გრამი = ...,7.3 × 10^-4 ტონა,7.3 × 10^-4 კილოგრამი,7.3 × 10^-4 ცენტნერი,7.3 × 10^-6 ცენტნერი,გ,UNITS-1.4
222,45 გრამი = ...,4.5 × 10^-3 ტონა,4.5 × 10^-1 კილოგრამი,4.5 × 10^-2 ცენტნერი,4.5 × 10^-5 ტონა,დ,UNITS-1.4
223,226 ცენტნერი = ...,2.26 × 10^4 კილოგრამი,2.26 × 10^6 კილოგრამი,2.26 × 10^3 ტონა,2.26 × 10^9 გრამი,ა,UNITS-1.4
224,130 ტონა = ...,1.3 × 10^5 ცენტნერი,1.3 × 10^1 ცენტნერი,1.3 × 10^4 ცენტნერი,1.3 × 10^8 გრამი,დ,UNITS-1.4
225,243 კილოგრამი = ...,2.43 × 10^3 გრამი,2.43 × 10^-3 ტონა,2.43 × 10^-1 ცენტნერი,2.43 × 10^5 გრამი,დ,UNITS-1.4
226,372 ტონა = ...,3.72 × 10^10 გრამი,3.72 × 10^1 ცენტნერი,3.72 × 10^8 გრამი,3.72 × 10^4 ცენტნერი,გ,UNITS-1.4
227,454 გრამი = ...,4.54 × 10^-5 ცენტნერი,4.54 × 10^-1 კილოგრამი,4.54 × 10^-2 კილოგრამი,4.54 × 10^-3 ტონა,ბ,UNITS-1.4
228,97 გრამი = ...,9.7 × 10^-2 კილოგრამი,9.7 × 10^-6 ტონა,9.7 × 10^-3 კილოგრამი,9.7 × 10^-2 ცენტნერი,ა,UNITS-1.4
229,85 ტონა = ...,8.5 × 10^2 კილოგრამი,8.5 × 10^5 კილოგრამი,8.5 × 10^6 კილოგრამი,8.5 × 10^4 კილოგრამი,დ,UNITS-1.4
230,239 გრამი = ...,2.39 × 10^-2 ტონა,2.39 × 10^-4 ტონა,2.39 კილოგრამი,2.39 × 10^-2 კილოგრამი,ბ,UNITS-1.4
231,304 ცენტნერი = ...,3.04 × 10^7 გრამი,3.04 × 10^9 გრამი,3.04 × 10^8 გრამი,3.04 × 10^3 ტონა,ა,UNITS-1.4
232,286 კილოგრამი = ...,2.86 × 10^4 გრამი,2.86 × 10^1 ცენტნერი,2.86 × 10^5 გრამი,2.86 ტონა,გ,UNITS-1.4
233,185 ტონა = ...,1.85 × 10^10 გრამი,1.85 × 10^4 ცენტნერი,1.85 × 10^8 გრამი,1.85 × 10^6 კილოგრამი,გ,UNITS-1.4
234,217 ცენტნერი = ...,2.17 ტონა,2.17 × 10^5 კილოგრამი,2.17 × 10^4 კილოგრამი,2.17 × 10^5 გრამი,გ,UNITS-1.4
235,478 კილოგრამი = ...,4.78 ტონა,4.78 × 10^-1 ტონა,4.78 × 10^1 ტონა,4.78 × 10^3 გრამი,ბ,UNITS-1.4
236,288 ტონა = ...,2.88 × 10^3 ცენტნერი,2.88 × 10^5 ცენტნერი,2.88 × 10^4 კილოგრამი,2.88 × 10^7 კილოგრამი,ა,UNITS-1.4
237,142 ცენტნერი = ...,1.42 × 10^3 ტონა,1.42 × 10^5 კილოგრამი,1.42 × 10^4 კილოგრამი,1.42 × 10^9 გრამი,გ,UNITS-1.4
238,348 კილოგრამი = ...,3.48 ცენტნერი,3.48 × 10^7 გრამი,3.48 × 10^6 გრამი,3.48 × 10^-2 ცენტნერი,ა,UNITS-1.4
239,408 ცენტნერი = ...,4.08 × 10^6 გრამი,4.08 × 10^-1 ტონა,4.08 × 10^4 კილოგრამი,4.08 × 10^6 კილოგრამი,გ,UNITS-1.4
240,361 წუთი = ...,2.166 × 10^4 წამი,6.017 × 10^1 საათი,2.166 × 10^6 წამი,2.166 × 10^3 წამი,ა,UNITS-1.5
241,91 საათი = ...,3.276 × 10^3 წამი,5.46 × 10^2 წუთი,5.46 × 10^3 წუთი,5.46 × 10^1 წუთი,გ,UNITS-1.5
242,378 წუთი = ...,2.268 × 10^4 წამი,6.3 × 10^1 საათი,2.268 × 10^6 წამი,2.268 × 10^3 წამი,ა,UNITS-1.5
243,182 წუთი = ...,3.033 × 10^-1 საათი,1.092 × 10^3 წამი,1.092 × 10^6 წამი,3.033 საათი,დ,UNITS-1.5
244,376 წამი = ...,1.044 × 10^-1 საათი,6.267 × 10^2 წუთი,1.044 საათი,1.044 × 10^-2 საათი,ა,UNITS-1.5
245,395 წამი = ...,6.583 × 10^-2 წუთი,1.097 × 10^-2 საათი,6.583 × 10^1 წუთი,1.097 × 10^-1 საათი,დ,UNITS-1.5
246,233 წუთი = ...,1.398 × 10^2 წამი,3.883 × 10^2 საათი,3.883 × 10^-2 საათი,1.398 × 10^4 წამი,დ,UNITS-1.5
247,208 წამი = ...,5.778 × 10^-2 საათი,3.467 × 10^2 წუთი,3.467 × 10^1 წუთი,5.778 საათი,ა,UNITS-1.5
248,100 წამი = ...,1.667 წუთი,1.667 × 10^-2 წუთი,2.778 × 10^-4 საათი,1.667 × 10^-1 წუთი,ა,UNITS-1.5
249,49 საათი = ...,1.764 × 10^3 წამი,1.764 × 10^7 წამი,1.764 × 10^4 წამი,1.764 × 10^5 წამი,დ,UNITS-1.5
250,486 წუთი = ...,8.1 × 10^-1 საათი,2.916 × 10^3 წამი,8.1 × 10^-2 საათი,2.916 × 10^4 წამი,დ,UNITS-1.5
251,313 წუთი = ...,1.878 × 10^6 წამი,5.217 × 10^2 საათი,5.217 საათი,5.217 × 10^1 საათი,გ,UNITS-1.5
252,144 წამი = ...,4 × 10^-3 საათი,4 × 10^-1 საათი,2.4 წუთი,4 × 10^-4 საათი,გ,UNITS-1.5
253,271 საათი = ...,9.756 × 10^5 წამი,9.756 × 10^6 წამი,9.756 × 10^7 წამი,9.756 × 10^3 წამი,ა,UNITS-1.5
254,227 წუთი = ...,3.783 × 10^-2 საათი,1.362 × 10^6 წამი,1.362 × 10^4 წამი,3.783 × 10^-1 საათი,გ,UNITS-1.5
255,4 წამი = ...,6.667 × 10^-2 წუთი,6.667 × 10^-3 წუთი,1.111 × 10^-1 საათი,6.667 წუთი,ა,UNITS-1.5
256,293 წუთი = ...,4.883 × 10^-2 საათი,1.758 × 10^6 წამი,1.758 × 10^3 წამი,1.758 × 10^4 წამი,დ,UNITS-1.5
257,57 საათი = ...,2.052 × 10^3 წამი,2.052 × 10^6 წამი,2.052 × 10^4 წამი,2.052 × 10^5 წამი,დ,UNITS-1.5
258,489 წამი = ...,1.358 × 10^-1 საათი,8.15 × 10^-2 წუთი,8.15 × 10^-1 წუთი,1.358 × 10^1 საათი,ა,UNITS-1.5
259,396 წამი = ...,6.6 × 10^-2 წუთი,1.1 × 10^-1 საათი,1.1 საათი,6.6 × 10^1 წუთი,ბ,UNITS-1.5
260,საათი აჩვენებს 5 საათსა და 50 წუთს. იპოვეთ კუთხის სიდიდე წუთებისა და საათების ისრებს შორის.,265.0,134.5,333.0,125.0,დ,"GEO2D-3.2, 2022-1, 2022-2"
261,საათი აჩვენებს 10 საათსა და 45 წუთს. იპოვეთ კუთხის სიდიდე წუთებისა და საათების ისრებს შორის.,155.0,52.5,1.0,205.5,ბ,"GEO2D-3.2, 2022-1, 2022-2"
262,საათი აჩვენებს 4 საათსა და 55 წუთს. იპოვეთ კუთხის სიდიდე წუთებისა და საათების ისრებს შორის.,80.5,177.5,135.0,64.0,ბ,"GEO2D-3.2, 2022-1, 2022-2"
263,საათი აჩვენებს 3 საათსა და 0 წუთს. იპოვეთ კუთხის სიდიდე წუთებისა და საათების ისრებს შორის.,79.0,173.5,90.0,157.0,გ,"GEO2D-3.2, 2022-1, 2022-2"
264,საათი აჩვენებს 3 საათსა და 30 წუთს. იპოვეთ კუთხის სიდიდე წუთებისა და საათების ისრებს შორის.,75.0,24.0,124.0,22.5,ა,"GEO2D-3.2, 2022-1, 2022-2"
265,საათი აჩვენებს 10 საათსა და 5 წუთს. იპოვეთ კუთხის სიდიდე წუთებისა და საათების ისრებს შორის.,143.5,145.0,87.5,265.0,გ,"GEO2D-3.2, 2022-1, 2022-2"
266,საათი აჩვენებს 2 საათსა და 35 წუთს. იპოვეთ კუთხის სიდიდე წუთებისა და საათების ისრებს შორის.,168.0,31.0,139.0,132.5,დ,"GEO2D-3.2, 2022-1, 2022-2"
267,საათი აჩვენებს 11 საათსა და 45 წუთს. იპოვეთ კუთხის სიდიდე წუთებისა და საათების ისრებს შორის.,37.0,82.5,7.0,77.0,ბ,"GEO2D-3.2, 2022-1, 2022-2"
268,საათი აჩვენებს 8 საათსა და 15 წუთს. იპოვეთ კუთხის სიდიდე წუთებისა და საათების ისრებს შორის.,133.5,157.5,69.5,319.0,ბ,"GEO2D-3.2, 2022-1, 2022-2"
269,საათი აჩვენებს 4 საათსა და 45 წუთს. იპოვეთ კუთხის სიდიდე წუთებისა და საათების ისრებს შორის.,147.5,127.5,336.5,80.5,ბ,"GEO2D-3.2, 2022-1, 2022-2"
270,საათი აჩვენებს 12 საათსა და 20 წუთს. იპოვეთ კუთხის სიდიდე წუთებისა და საათების ისრებს შორის.,110.0,98.5,347.0,88.5,ა,"GEO2D-3.2, 2022-1, 2022-2"
271,საათი აჩვენებს 8 საათსა და 45 წუთს. იპოვეთ კუთხის სიდიდე წუთებისა და საათების ისრებს შორის.,7.5,37.5,299.0,342.0,ა,"GEO2D-3.2, 2022-1, 2022-2"
272,საათი აჩვენებს 11 საათსა და 20 წუთს. იპოვეთ კუთხის სიდიდე წუთებისა და საათების ისრებს შორის.,140.0,167.0,150.5,315.0,ა,"GEO2D-3.2, 2022-1, 2022-2"
273,საათი აჩვენებს 12 საათსა და 25 წუთს. იპოვეთ კუთხის სიდიდე წუთებისა და საათების ისრებს შორის.,167.0,137.5,17.5,97.0,ბ,"GEO2D-3.2, 2022-1, 2022-2"
274,საათი აჩვენებს 6 საათსა და 30 წუთს. იპოვეთ კუთხის სიდიდე წუთებისა და საათების ისრებს შორის.,15.0,131.5,6.0,222.5,ა,"GEO2D-3.2, 2022-1, 2022-2"
275,საათი აჩვენებს 10 საათსა და 45 წუთს. იპოვეთ კუთხის სიდიდე წუთებისა და საათების ისრებს შორის.,332.5,52.5,139.5,345.0,ბ,"GEO2D-3.2, 2022-1, 2022-2"
276,საათი აჩვენებს 5 საათსა და 20 წუთს. იპოვეთ კუთხის სიდიდე წუთებისა და საათების ისრებს შორის.,236.5,198.5,40.0,296.0,გ,"GEO2D-3.2, 2022-1, 2022-2"
277,საათი აჩვენებს 10 საათსა და 35 წუთს. იპოვეთ კუთხის სიდიდე წუთებისა და საათების ისრებს შორის.,172.0,160.0,107.5,228.5,გ,"GEO2D-3.2, 2022-1, 2022-2"
278,საათი აჩვენებს 3 საათსა და 55 წუთს. იპოვეთ კუთხის სიდიდე წუთებისა და საათების ისრებს შორის.,173.5,99.5,147.5,264.5,გ,"GEO2D-3.2, 2022-1, 2022-2"
279,საათი აჩვენებს 4 საათსა და 20 წუთს. იპოვეთ კუთხის სიდიდე წუთებისა და საათების ისრებს შორის.,11.0,208.5,349.0,10.0,დ,"GEO2D-3.2, 2022-1, 2022-2"
280,"მოცემულია ტოლფერდა სამკუთხედი ფუძით 0.4 სმ, რომლის სიმაღლეა 0.2 სმ. როგორია ფუძის საპირისპიროდ მდებარე კუთხე?",ბლაგვი,მართი,მახვილი,არც ერთი,ბ,"GEO2D-3.3, GEO2D-12.1"
281,"მოცემულია ტოლფერდა სამკუთხედი ფუძით 10.6 სმ, რომლის სიმაღლეა 4.5 სმ. როგორია ფუძის საპირისპიროდ მდებარე კუთხე?",არც ერთი,მართი,ბლაგვი,მახვილი,გ,"GEO2D-3.3, GEO2D-12.1"
282,"მოცემულია ტოლფერდა სამკუთხედი ფუძით 23.5 სმ, რომლის სიმაღლეა 0.4 სმ. როგორია ფუძის საპირისპიროდ მდებარე კუთხე?",მახვილი,მართი,არც ერთი,ბლაგვი,დ,"GEO2D-3.3, GEO2D-12.1"
283,"მოცემულია ტოლფერდა სამკუთხედი ფუძით 24.7 სმ, რომლის სიმაღლეა 6.4 სმ. როგორია ფუძის საპირისპიროდ მდებარე კუთხე?",მართი,არც ერთი,მახვილი,ბლაგვი,დ,"GEO2D-3.3, GEO2D-12.1"
284,"მოცემულია ტოლფერდა სამკუთხედი ფუძით 22.9 სმ, რომლის სიმაღლეა 4.4 სმ. როგორია ფუძის საპირისპიროდ მდებარე კუთხე?",მართი,ბლაგვი,მახვილი,არც ერთი,ბ,"GEO2D-3.3, GEO2D-12.1"
285,"მოცემულია ტოლფერდა სამკუთხედი ფუძით 4.7 სმ, რომლის სიმაღლეა 14.5 სმ. როგორია ფუძის საპირისპიროდ მდებარე კუთხე?",მართი,ბლაგვი,არც ერთი,მახვილი,დ,"GEO2D-3.3, GEO2D-12.1"
286,"მოცემულია ტოლფერდა სამკუთხედი ფუძით 15.4 სმ, რომლის სიმაღლეა 8.2 სმ. როგორია ფუძის საპირისპიროდ მდებარე კუთხე?",არც ერთი,ბლაგვი,მახვილი,მართი,გ,"GEO2D-3.3, GEO2D-12.1"
287,"მოცემულია ტოლფერდა სამკუთხედი ფუძით 7.8 სმ, რომლის სიმაღლეა 7.1 სმ. როგორია ფუძის საპირისპიროდ მდებარე კუთხე?",არც ერთი,მახვილი,ბლაგვი,მართი,ბ,"GEO2D-3.3, GEO2D-12.1"
288,"მოცემულია ტოლფერდა სამკუთხედი ფუძით 12.7 სმ, რომლის სიმაღლეა 14.3 სმ. როგორია ფუძის საპირისპიროდ მდებარე კუთხე?",არც ერთი,მახვილი,მართი,ბლაგვი,ბ,"GEO2D-3.3, GEO2D-12.1"
289,"მოცემულია ტოლფერდა სამკუთხედი ფუძით 10.9 სმ, რომლის სიმაღლეა 0.3 სმ. როგორია ფუძის საპირისპიროდ მდებარე კუთხე?",არც ერთი,მართი,ბლაგვი,მახვილი,გ,"GEO2D-3.3, GEO2D-12.1"
290,"მოცემულია ტოლფერდა სამკუთხედი ფუძით 10.4 სმ, რომლის სიმაღლეა 14.4 სმ. როგორია ფუძის საპირისპიროდ მდებარე კუთხე?",არც ერთი,მართი,ბლაგვი,მახვილი,დ,"GEO2D-3.3, GEO2D-12.1"
291,"მოცემულია ტოლფერდა სამკუთხედი ფუძით 2.4 სმ, რომლის სიმაღლეა 11.6 სმ. როგორია ფუძის საპირისპიროდ მდებარე კუთხე?",არც ერთი,მართი,მახვილი,ბლაგვი,გ,"GEO2D-3.3, GEO2D-12.1"
292,"მოცემულია ტოლფერდა სამკუთხედი ფუძით 3.4 სმ, რომლის სიმაღლეა 0.6 სმ. როგორია ფუძის საპირისპიროდ მდებარე კუთხე?",მახვილი,არც ერთი,ბლაგვი,მართი,გ,"GEO2D-3.3, GEO2D-12.1"
293,"მოცემულია ტოლფერდა სამკუთხედი ფუძით 14.6 სმ, რომლის სიმაღლეა 7.3 სმ. როგორია ფუძის საპირისპიროდ მდებარე კუთხე?",ბლაგვი,არც ერთი,მახვილი,მართი,დ,"GEO2D-3.3, GEO2D-12.1"
294,"მოცემულია ტოლფერდა სამკუთხედი ფუძით 13.2 სმ, რომლის სიმაღლეა 2.1 სმ. როგორია ფუძის საპირისპიროდ მდებარე კუთხე?",ბლაგვი,მართი,მახვილი,არც ერთი,ა,"GEO2D-3.3, GEO2D-12.1"
295,"მოცემულია ტოლფერდა სამკუთხედი ფუძით 2.7 სმ, რომლის სიმაღლეა 1.4 სმ. როგორია ფუძის საპირისპიროდ მდებარე კუთხე?",მახვილი,მართი,ბლაგვი,არც ერთი,ა,"GEO2D-3.3, GEO2D-12.1"
296,"მოცემულია ტოლფერდა სამკუთხედი ფუძით 7.2 სმ, რომლის სიმაღლეა 13.2 სმ. როგორია ფუძის საპირისპიროდ მდებარე კუთხე?",ბლაგვი,მახვილი,მართი,არც ერთი,ბ,"GEO2D-3.3, GEO2D-12.1"
297,"მოცემულია ტოლფერდა სამკუთხედი ფუძით 11.6 სმ, რომლის სიმაღლეა 5.8 სმ. როგორია ფუძის საპირისპიროდ მდებარე კუთხე?",ბლაგვი,მახვილი,მართი,არც ერთი,გ,"GEO2D-3.3, GEO2D-12.1"
298,"მოცემულია ტოლფერდა სამკუთხედი ფუძით 20.8 სმ, რომლის სიმაღლეა 10.4 სმ. როგორია ფუძის საპირისპიროდ მდებარე კუთხე?",ბლაგვი,მახვილი,მართი,არც ერთი,გ,"GEO2D-3.3, GEO2D-12.1"
299,"მოცემულია ტოლფერდა სამკუთხედი ფუძით 21.0 სმ, რომლის სიმაღლეა 10.5 სმ. როგორია ფუძის საპირისპიროდ მდებარე კუთხე?",ბლაგვი,არც ერთი,მახვილი,მართი,დ,"GEO2D-3.3, GEO2D-12.1"
300,მოცემულია მართკუთხა სამკუთხედი ჰიპოტენუზით 17 სმ. რას უდრის მანძილი ჰიპოტენუზის შუაწერტილიდან მის მოპირდაპირე წვერომდე?,-5.5,8.5,2.5,-4.0,ბ,GEO2D-22.1
301,მოცემულია მართკუთხა სამკუთხედი ჰიპოტენუზით 16 სმ. რას უდრის მანძილი ჰიპოტენუზის შუაწერტილიდან მის მოპირდაპირე წვერომდე?,8.0,19.5,14.5,17.5,ა,GEO2D-22.1
302,მოცემულია მართკუთხა სამკუთხედი ჰიპოტენუზით 28 სმ. რას უდრის მანძილი ჰიპოტენუზის შუაწერტილიდან მის მოპირდაპირე წვერომდე?,8.5,6.0,14.0,2.5,გ,GEO2D-22.1
303,მოცემულია მართკუთხა სამკუთხედი ჰიპოტენუზით 20 სმ. რას უდრის მანძილი ჰიპოტენუზის შუაწერტილიდან მის მოპირდაპირე წვერომდე?,18.5,24.5,10.0,21.5,გ,GEO2D-22.1
304,მოცემულია მართკუთხა სამკუთხედი ჰიპოტენუზით 13 სმ. რას უდრის მანძილი ჰიპოტენუზის შუაწერტილიდან მის მოპირდაპირე წვერომდე?,6.5,18.5,20.5,0.0,ა,GEO2D-22.1
305,მოცემულია მართკუთხა სამკუთხედი ჰიპოტენუზით 22 სმ. რას უდრის მანძილი ჰიპოტენუზის შუაწერტილიდან მის მოპირდაპირე წვერომდე?,4.0,11.0,20.5,3.0,ბ,GEO2D-22.1
306,მოცემულია მართკუთხა სამკუთხედი ჰიპოტენუზით 14 სმ. რას უდრის მანძილი ჰიპოტენუზის შუაწერტილიდან მის მოპირდაპირე წვერომდე?,-6.0,7.0,14.0,-0.5,ბ,GEO2D-22.1
307,მოცემულია მართკუთხა სამკუთხედი ჰიპოტენუზით 9 სმ. რას უდრის მანძილი ჰიპოტენუზის შუაწერტილიდან მის მოპირდაპირე წვერომდე?,11.5,4.5,-4.5,-7.5,ბ,GEO2D-22.1
308,მოცემულია მართკუთხა სამკუთხედი ჰიპოტენუზით 21 სმ. რას უდრის მანძილი ჰიპოტენუზის შუაწერტილიდან მის მოპირდაპირე წვერომდე?,4.5,10.5,0.5,-4.0,ბ,GEO2D-22.1
309,მოცემულია მართკუთხა სამკუთხედი ჰიპოტენუზით 30 სმ. რას უდრის მანძილი ჰიპოტენუზის შუაწერტილიდან მის მოპირდაპირე წვერომდე?,20.5,25.0,3.5,15.0,დ,GEO2D-22.1
310,მოცემულია მართკუთხა სამკუთხედი ჰიპოტენუზით 30 სმ. რას უდრის მანძილი ჰიპოტენუზის შუაწერტილიდან მის მოპირდაპირე წვერომდე?,4.5,29.0,15.0,10.0,გ,GEO2D-22.1
311,მოცემულია მართკუთხა სამკუთხედი ჰიპოტენუზით 7 სმ. რას უდრის მანძილი ჰიპოტენუზის შუაწერტილიდან მის მოპირდაპირე წვერომდე?,-1.5,3.5,14.5,16.5,ბ,GEO2D-22.1
312,მოცემულია მართკუთხა სამკუთხედი ჰიპოტენუზით 22 სმ. რას უდრის მანძილი ჰიპოტენუზის შუაწერტილიდან მის მოპირდაპირე წვერომდე?,-3.0,11.0,18.0,-2.5,ბ,GEO2D-22.1
313,მოცემულია მართკუთხა სამკუთხედი ჰიპოტენუზით 14 სმ. რას უდრის მანძილი ჰიპოტენუზის შუაწერტილიდან მის მოპირდაპირე წვერომდე?,7.0,12.0,13.0,14.5,ა,GEO2D-22.1
314,მოცემულია მართკუთხა სამკუთხედი ჰიპოტენუზით 28 სმ. რას უდრის მანძილი ჰიპოტენუზის შუაწერტილიდან მის მოპირდაპირე წვერომდე?,22.0,26.5,2.5,14.0,დ,GEO2D-22.1
315,მოცემულია მართკუთხა სამკუთხედი ჰიპოტენუზით 25 სმ. რას უდრის მანძილი ჰიპოტენუზის შუაწერტილიდან მის მოპირდაპირე წვერომდე?,4.0,19.5,12.5,24.5,გ,GEO2D-22.1
316,მოცემულია მართკუთხა სამკუთხედი ჰიპოტენუზით 30 სმ. რას უდრის მანძილი ჰიპოტენუზის შუაწერტილიდან მის მოპირდაპირე წვერომდე?,15.0,4.0,23.0,27.0,ა,GEO2D-22.1
317,მოცემულია მართკუთხა სამკუთხედი ჰიპოტენუზით 17 სმ. რას უდრის მანძილი ჰიპოტენუზის შუაწერტილიდან მის მოპირდაპირე წვერომდე?,8.5,-6.0,20.5,22.5,ა,GEO2D-22.1
318,მოცემულია მართკუთხა სამკუთხედი ჰიპოტენუზით 29 სმ. რას უდრის მანძილი ჰიპოტენუზის შუაწერტილიდან მის მოპირდაპირე წვერომდე?,26.5,0.0,14.5,6.5,გ,GEO2D-22.1
319,მოცემულია მართკუთხა სამკუთხედი ჰიპოტენუზით 13 სმ. რას უდრის მანძილი ჰიპოტენუზის შუაწერტილიდან მის მოპირდაპირე წვერომდე?,17.0,15.5,6.5,18.5,გ,GEO2D-22.1
